spell_name,url,vocals
Absorbing meld,https://www.bat.org/help/spell?str=absorbing_meld,'bredan forswelgan'
Absorption aura,https://www.bat.org/help/spell?str=absorption_aura,'hhhnnnnnrrrrraaahhh!!'
Achromatic eyes,https://www.bat.org/help/spell?str=achromatic_eyes,"'Stand confused with lack of comprehension, pagan of mine for I know of the true belief, while death calls you, compel your soul to the true belief, for I offer you this redemption in the harmony of my true belief..'"
Acid arrow,https://www.bat.org/help/spell?str=acid_arrow,'fzz zur semen'
Acid blast,https://www.bat.org/help/spell?str=acid_blast,'fzz mar nak grttzt'
Acid rain,https://www.bat.org/help/spell?str=acid_rain,'fzz zur semen gnatlnamauch'
Acid ray,https://www.bat.org/help/spell?str=acid_ray,'fzz mar nak semen'
Acid shield,https://www.bat.org/help/spell?str=acid_shield,'hfizz hfizz nglurglptz'
Acid storm,https://www.bat.org/help/spell?str=acid_storm,'fzz mar nak grttzt gnatlnamauch'
Acid wind,https://www.bat.org/help/spell?str=acid_wind,'fzz zur sanc'
Aegis,https://www.bat.org/help/spell?str=aegis,'condiiit riimaynii'
Agility accelerator,https://www.bat.org/help/spell?str=agility_accelerator,'xeddex mof'
Air shield,https://www.bat.org/help/spell?str=air_shield,'ghht mar zrrprghh'
Airsteel,https://www.bat.org/help/spell?str=airsteel,'myarhees'
All-seeing eye,https://www.bat.org/help/spell?str=all-seeing_eye,'(tamakan natelo assim)'
Amnesia,https://www.bat.org/help/spell?str=amnesia,'siwwis uurthg'
Aneurysm,https://www.bat.org/help/spell?str=aneurysm,'yugzhrr paf'
Animal aspect,https://www.bat.org/help/spell?str=animal_aspect,'Animal Aspects'
Animal soul link,https://www.bat.org/help/spell?str=animal_soul_link,'mi casa es su casa'
Animate golem,https://www.bat.org/help/spell?str=animate_golem,'Give my creation life!!'
Anti magic field,https://www.bat.org/help/spell?str=anti_magic_field,'taikoja ma inhoan'
Appease ghost,https://www.bat.org/help/spell?str=appease_ghost,'tauko paikalla'
Arches favour,https://www.bat.org/help/spell?str=arches_favour,"'In the Shadows cast down by the moon, a certain Elven lord he strolls among the common folk, cloaked and hidden from recognition. The dark streets of the Keep of Shadows, vehement Inns, dancing women appeasing patrons.. A vigorous gleam in his eye, a nod of knowledge and satisfaction; dreams slowly fulfilled as the notes of time pass, participating and watching the twists of life, Lord Shadowstring, the artful archwizard, grant us a fragment of chance.'"
Area entropy,https://www.bat.org/help/spell?str=area_entropy,'vaka tosi vanha vainamoinen'
Armour of aether,https://www.bat.org/help/spell?str=armour_of_aether,'fooharribah inaminos cantor'
Arms lore,https://www.bat.org/help/spell?str=arms_lore,"'well, what have we here'"
Artificial intelligence,https://www.bat.org/help/spell?str=artificial_intelligence,'nitin mof'
Attune racial protection,https://www.bat.org/help/spell?str=attune_racial_protection,'diffingo genus munimentum'
Aura detection,https://www.bat.org/help/spell?str=aura_detection,'fooohh haaahhh booooloooooh'
Aura of chaos,https://www.bat.org/help/spell?str=aura_of_chaos,"'Forces of Chaos, heed my call!'"
Aura of hate,https://www.bat.org/help/spell?str=aura_of_hate,'Feel your anger and strike with all your hatred. Use your aggressive feelings and let the hate flow through you. '
Aura of irreverence,https://www.bat.org/help/spell?str=aura_of_irreverence,'tevenyt tietree akta'
Aura of power,https://www.bat.org/help/spell?str=aura_of_power,'noccon mof'
Aura of wind,https://www.bat.org/help/spell?str=aura_of_wind,'englobo globo mc'
Awake enthralled,https://www.bat.org/help/spell?str=awake_enthralled,'ner'
Awareness,https://www.bat.org/help/spell?str=awareness,'siwwis mof'
Banish,https://www.bat.org/help/spell?str=banish,'havia kauhistus pois'
Banish angels,https://www.bat.org/help/spell?str=banish_angels,'Stand back divinity Hael-Cholaer'
Banish demons,https://www.bat.org/help/spell?str=banish_demons,'Satan down'
Banish mount,https://www.bat.org/help/spell?str=banish_mount,'aatevehal inok arepyt'
Bastardly balm,https://www.bat.org/help/spell?str=bastardly_balm,'Bastage'
Beacon of enlightenment,https://www.bat.org/help/spell?str=beacon_of_enlightenment,"'homines, dum docent, discunt'"
Bearskin,https://www.bat.org/help/spell?str=bearskin,'murraugh'
Beckon rift entity,https://www.bat.org/help/spell?str=beckon_rift_entity,'biecnan ambihtere hercyme'
Bind rift entity,https://www.bat.org/help/spell?str=bind_rift_entity,'asaelan ambihtere'
Black hole,https://www.bat.org/help/spell?str=black_hole,"'Azzarakk, take this sacrifice I offer thee!'"
Blade of fire,https://www.bat.org/help/spell?str=blade_of_fire,'dsaflk aslfoir'
Blast lightning,https://www.bat.org/help/spell?str=blast_lightning,'zot zur semen'
Blast vacuum,https://www.bat.org/help/spell?str=blast_vacuum,'ghht mar nak grttzt'
Bless armament,https://www.bat.org/help/spell?str=bless_armament,"'Faerwon, grant your favor!'"
Bless ship,https://www.bat.org/help/spell?str=bless_ship,'blese partina aqua'
Bless vial,https://www.bat.org/help/spell?str=bless_vial,'Zanctum Zanctus Aqua'
Blessed warmth,https://www.bat.org/help/spell?str=blessed_warmth,'! (*) !'
Blessing of faerwon,https://www.bat.org/help/spell?str=blessing_of_faerwon,"'Benedic, Faerwon, nos et haec tua dona quae de tua largitate sumus sumpturi.'"
Blessing of intoxication,https://www.bat.org/help/spell?str=blessing_of_intoxication,'I'
Blessing of kofgaad,https://www.bat.org/help/spell?str=blessing_of_kofgaad,'invictus Kofgaad'
Blessing of tarmalen,https://www.bat.org/help/spell?str=blessing_of_tarmalen,'nilaehz arzocupne'
Blight of the shunned,https://www.bat.org/help/spell?str=blight_of_the_shunned,'saldia nen yru gerue wefe'
Blood seeker,https://www.bat.org/help/spell?str=blood_seeker,"'The sharper, the sweeter'"
Blurred image,https://www.bat.org/help/spell?str=blurred_image,'ziiiuuuuns wiz'
Bolt of knowledge,https://www.bat.org/help/spell?str=bolt_of_knowledge,'scientia et experientia sagitta'
Bookworm,https://www.bat.org/help/spell?str=bookworm,'transformo vermiculus'
Bulwark of death,https://www.bat.org/help/spell?str=bulwark_of_death,'scutum mortia'
Call armour,https://www.bat.org/help/spell?str=call_armour,"'That which I ask, I shall return tenfold'"
Call forth enthralled,https://www.bat.org/help/spell?str=call_forth_enthralled,'ner'
Call pigeon,https://www.bat.org/help/spell?str=call_pigeon,'habbi urblk'
Call scythe,https://www.bat.org/help/spell?str=call_scythe,'It is time for the harvest of bone and blood'
Campfire tune,https://www.bat.org/help/spell?str=campfire_tune,"'What child is this, who laid to rest on Mary'"
Cantrip,https://www.bat.org/help/spell?str=cantrip,'Vita non est vivere sed valere vita est'
Cash flow,https://www.bat.org/help/spell?str=cash_flow,'eyem en da munnee'
Catchy singalong,https://www.bat.org/help/spell?str=catchy_singalong,'0'
Cause critical wounds,https://www.bat.org/help/spell?str=cause_critical_wounds,'rhuuuumm angotz klekltz'
Cause light wounds,https://www.bat.org/help/spell?str=cause_light_wounds,'tosi pieni neula'
Cause serious wounds,https://www.bat.org/help/spell?str=cause_serious_wounds,'rhuuuumm angotz amprltz'
Celestial haven,https://www.bat.org/help/spell?str=celestial_haven,'zeriqum'
Chain lightning,https://www.bat.org/help/spell?str=chain_lightning,'zot zur semen gnatlnamauch'
Channelball,https://www.bat.org/help/spell?str=channelball,'shar ryo den...Haa!'
Channelbolt,https://www.bat.org/help/spell?str=channelbolt,'tsaibaa'
Channelburn,https://www.bat.org/help/spell?str=channelburn,'grhagrhagrhagrah gra gra Hyaa!'
Channelray,https://www.bat.org/help/spell?str=channelray,'lecaps meeb nonnock'
Channelspray,https://www.bat.org/help/spell?str=channelspray,'grinurb sdan imflagrum'
Chaos bolt,https://www.bat.org/help/spell?str=chaos_bolt,'ghht zur semen'
Charge staff,https://www.bat.org/help/spell?str=charge_staff,'# !('
Chill touch,https://www.bat.org/help/spell?str=chill_touch,'cah zur fehh'
Clairvoyance,https://www.bat.org/help/spell?str=clairvoyance,'aalltyyuii regonza zirii'
Clandestine thoughts,https://www.bat.org/help/spell?str=clandestine_thoughts,"'To all the eyes around me, I wish to remain hidden, must I be seen when so far I have namelessly ridden. To all those who relentlessly me seek or hound, covet I nothing but mayhaps a trifling wound.'"
Cleanse heathen,https://www.bat.org/help/spell?str=cleanse_heathen,"'Ala itkeä iletys, parkua paha kuvatus'"
Cleanse weapon,https://www.bat.org/help/spell?str=cleanse_weapon,'gwanna fio'
Cold ray,https://www.bat.org/help/spell?str=cold_ray,'cah mar nak grttzt'
Con fioco,https://www.bat.org/help/spell?str=con_fioco,'AeaH*h***Gdg'
Cone of cold,https://www.bat.org/help/spell?str=cone_of_cold,'cah zur semen gnatlnamauch'
Conjure animal soul,https://www.bat.org/help/spell?str=conjure_animal_soul,'Kindred spirits'
Conjure element,https://www.bat.org/help/spell?str=conjure_element,'Aelores barrimus maximus'
Conjure lesser element,https://www.bat.org/help/spell?str=conjure_lesser_element,'Aelores barrimus minimus'
Consume weapon,https://www.bat.org/help/spell?str=consume_weapon,'abitan campwaepen'
Control marsh,https://www.bat.org/help/spell?str=control_marsh,'tady urcite bydlet nechci'
Corrosion shield,https://www.bat.org/help/spell?str=corrosion_shield,'sulphiraidzik hydrochloodriz gidz zuf'
Corrupt ground,https://www.bat.org/help/spell?str=corrupt_ground,'ner'
Create air armour,https://www.bat.org/help/spell?str=create_air_armour,'bloozdy etherum errazam zunk'
Create dimensional gem,https://www.bat.org/help/spell?str=create_dimensional_gem,'zug zug'
Create food,https://www.bat.org/help/spell?str=create_food,"'juustoa ja pullaa, sita mun maha halajaa'"
Create frost weapon,https://www.bat.org/help/spell?str=create_frost_weapon,'cah zur bonccus'
Create herb,https://www.bat.org/help/spell?str=create_herb,'greeeenie fiiingerie'
Create money,https://www.bat.org/help/spell?str=create_money,'roope ankka rulettaa'
Create mud,https://www.bat.org/help/spell?str=create_mud,'# !#'
Create rift,https://www.bat.org/help/spell?str=create_rift,'cennan gin'
Create rift vortex,https://www.bat.org/help/spell?str=create_rift_vortex,'cennan swelgend'
Credit check,https://www.bat.org/help/spell?str=credit_check,'eki eki eki equifaxeki'
Crimson mist,https://www.bat.org/help/spell?str=crimson_mist,'aire sanguim'
Crippling frenzy,https://www.bat.org/help/spell?str=crippling_frenzy,'ner'
Cryptozoological protection,https://www.bat.org/help/spell?str=cryptozoological_protection,'cryptozoologicus munimentum'
Cure critical wounds,https://www.bat.org/help/spell?str=cure_critical_wounds,'judicandus mangenic'
Cure light wounds,https://www.bat.org/help/spell?str=cure_light_wounds,'judicandus mercuree'
Cure player,https://www.bat.org/help/spell?str=cure_player,'freudemas egoid'
Cure serious wounds,https://www.bat.org/help/spell?str=cure_serious_wounds,'judicandus ignius'
Curse,https://www.bat.org/help/spell?str=curse,"'oli isa-sammakko, aiti-sammakko ja PIKKU-SAMMAKKO!!'"
Curse nature,https://www.bat.org/help/spell?str=curse_nature,'heal soil from dirt you grow'
Curse of lycanthropy,https://www.bat.org/help/spell?str=curse_of_lycanthropy,'sanguinum lnarae est'
Curse of ogre,https://www.bat.org/help/spell?str=curse_of_ogre,'rtsstr uurthg'
Curse of slaads,https://www.bat.org/help/spell?str=curse_of_slaads,'burglum bufo mutatio'
Curse of tarmalen,https://www.bat.org/help/spell?str=curse_of_tarmalen,'nilaehz temnahecne neg'
Curse ship,https://www.bat.org/help/spell?str=curse_ship,'aqua anitrap eselb'
Damn armament,https://www.bat.org/help/spell?str=damn_armament,'Gawd DAMN IT!'
Dancing blades,https://www.bat.org/help/spell?str=dancing_blades,"'Dance my little blades, whip my enemies for I am the true fiend. Dance, for I am the source that tweaks the winds! Dance my blades, ravage at my command, for thou shall find sheaths in the abdomens of my foes!'"
Darkfire,https://www.bat.org/help/spell?str=darkfire,'cah zur semen'
Darkness,https://www.bat.org/help/spell?str=darkness,'na ful'
Deaths door,https://www.bat.org/help/spell?str=deaths_door,'mumbo jumbo'
Defile animal,https://www.bat.org/help/spell?str=defile_animal,'Shiaha azgra zgra za'
Degenerate person,https://www.bat.org/help/spell?str=degenerate_person,'kewa dan dol rae hout'
Demonic gate,https://www.bat.org/help/spell?str=demonic_gate,"'###### PORTTI HELVETTIIN AUKI, SAATANA JUMALAUTA ######'"
Despair,https://www.bat.org/help/spell?str=despair,'silent moon sour mood'
Destroy armour,https://www.bat.org/help/spell?str=destroy_armour,'se on sarki nyt'
Destroy water,https://www.bat.org/help/spell?str=destroy_water,'karapuche'
Destroy weapon,https://www.bat.org/help/spell?str=destroy_weapon,'rikki ja poikki'
Detect alignment,https://www.bat.org/help/spell?str=detect_alignment,'annihilar hzzz golum'
Detect death,https://www.bat.org/help/spell?str=detect_death,'annihilar thanatia'
Detect misery,https://www.bat.org/help/spell?str=detect_misery,'misery ior noctar report'
Detect poison,https://www.bat.org/help/spell?str=detect_poison,'# !^'
Detect race,https://www.bat.org/help/spell?str=detect_race,'taxonimus zoologica whaddahellizzat'
Detect vial,https://www.bat.org/help/spell?str=detect_vial,'Eeneil okayssiv'
Dim,https://www.bat.org/help/spell?str=dim,'grrreee allblakkee'
Dimension door,https://www.bat.org/help/spell?str=dimension_door,'prtolala offf pwerrrr'
Dimensional leech,https://www.bat.org/help/spell?str=dimensional_leech,'idel laece'
Dimensional vacuum,https://www.bat.org/help/spell?str=dimensional_vacuum,'uoogachucka'
Disease,https://www.bat.org/help/spell?str=disease,'noccon uurthg'
Disintegrate,https://www.bat.org/help/spell?str=disintegrate,'sahanpurua'
Dismiss rift entity,https://www.bat.org/help/spell?str=dismiss_rift_entity,'nidgenga ambihtere'
Dispel evil,https://www.bat.org/help/spell?str=dispel_evil,'Ez'
Dispel good,https://www.bat.org/help/spell?str=dispel_good,'whoosy banzziii pal eeeiizz dooneb'
Dispel magical protection,https://www.bat.org/help/spell?str=dispel_magical_protection,'removezzzzzarmour'
Dispel undead,https://www.bat.org/help/spell?str=dispel_undead,'Sanctum disqum'
Displacement,https://www.bat.org/help/spell?str=displacement,'diiiiuuunz aaanziz'
Disrupt magic,https://www.bat.org/help/spell?str=disrupt_magic,'shatter aquar sphorq'
Disruption,https://www.bat.org/help/spell?str=disruption,'fzz zur fehh'
Divine enhancement,https://www.bat.org/help/spell?str=divine_enhancement,"'In the name of Faerwon, make this shield stronger'"
Drain ally,https://www.bat.org/help/spell?str=drain_ally,'enfuego delmigo'
Drain enemy,https://www.bat.org/help/spell?str=drain_enemy,'enfuego delvivendo'
Drain item,https://www.bat.org/help/spell?str=drain_item,'enfuego delcosa'
Drain pool,https://www.bat.org/help/spell?str=drain_pool,'$ !^'
Drain room,https://www.bat.org/help/spell?str=drain_room,'enfuegome delterra'
Drunken stupor,https://www.bat.org/help/spell?str=drunken_stupor,'tokku rassa'
Drying wind,https://www.bat.org/help/spell?str=drying_wind,'hooooooooooowwwwwwwwwwwlllllllllllllll'
Earth blood,https://www.bat.org/help/spell?str=earth_blood,'!( *)'
Earth power,https://www.bat.org/help/spell?str=earth_power,'% !^'
Earth skin,https://www.bat.org/help/spell?str=earth_skin,'% !('
Earthquake,https://www.bat.org/help/spell?str=earthquake,'%'
Electric field,https://www.bat.org/help/spell?str=electric_field,'Ziiiiiiiiit Ziiit Ziiiit'
Electrocution,https://www.bat.org/help/spell?str=electrocution,'zot mar nak grttzt'
Elemental soul ward,https://www.bat.org/help/spell?str=elemental_soul_ward,'Beware the big bad troll!'
End enthrallment,https://www.bat.org/help/spell?str=end_enthrallment,'ner'
Energy aura,https://www.bat.org/help/spell?str=energy_aura,'hhhnnnnnrrrrraaahhh!!'
Energy channeling,https://www.bat.org/help/spell?str=energy_channeling,'kablaaaammmmm bliitz zundfer'
Energy drain,https://www.bat.org/help/spell?str=energy_drain,'yugfzhrrr suuck suuuuuck suuuuuuuuuuck'
Energy vortex,https://www.bat.org/help/spell?str=energy_vortex,'incantar enfeugo aggriva'
Enhance vision,https://www.bat.org/help/spell?str=enhance_vision,'isar avatap patyan'
Enhanced awareness,https://www.bat.org/help/spell?str=enhanced_awareness,'Bewareeeee!'
Enhanced vitality,https://www.bat.org/help/spell?str=enhanced_vitality,'zoot zoot zoot'
Enthralling parasite,https://www.bat.org/help/spell?str=enthralling_parasite,'ner'
Entropy,https://www.bat.org/help/spell?str=entropy,'vaka vanha vainamoinen'
Enwize,https://www.bat.org/help/spell?str=enwize,'siwwis duumof'
Escape velocity,https://www.bat.org/help/spell?str=escape_velocity,'fzeziiignya'
Establish entity control,https://www.bat.org/help/spell?str=establish_entity_control,'astellan geweald'
Ether boundary,https://www.bat.org/help/spell?str=ether_boundary,'qor monoliftus'
Evaluate host,https://www.bat.org/help/spell?str=evaluate_host,'ner'
Evoke toad,https://www.bat.org/help/spell?str=evoke_toad,'elonaria inaiar bufo'
Eyes of nature,https://www.bat.org/help/spell?str=eyes_of_nature,'Agnah az argaahath'
Feather weight,https://www.bat.org/help/spell?str=feather_weight,'transformaticus minimus'
Feeblemind,https://www.bat.org/help/spell?str=feeblemind,'nitin uurthg'
Field of fear,https://www.bat.org/help/spell?str=field_of_fear,'wheeeaaaaaa oooooo'
Field of light,https://www.bat.org/help/spell?str=field_of_light,'ja nyt kenka kepposasti nousee'
Field of poison,https://www.bat.org/help/spell?str=field_of_poison,'amplifico veneficium'
Fire blast,https://www.bat.org/help/spell?str=fire_blast,'fah zur semen'
Fire of the saints,https://www.bat.org/help/spell?str=fire_of_the_saints,'histria aqua fevia'
Firebolt,https://www.bat.org/help/spell?str=firebolt,'fah zur sanc'
Flame arrow,https://www.bat.org/help/spell?str=flame_arrow,'fah zur fehh'
Flame fists,https://www.bat.org/help/spell?str=flame_fists,'(Polo Polomii)'
Flame shield,https://www.bat.org/help/spell?str=flame_shield,'huppa huppa tiki tiki'
Flames of righteousness,https://www.bat.org/help/spell?str=flames_of_righteousness,'ex'
Flaming ice,https://www.bat.org/help/spell?str=flaming_ice,'cah zur sanc'
Flex shield,https://www.bat.org/help/spell?str=flex_shield,'^ !)'
Flip,https://www.bat.org/help/spell?str=flip,'jammpa humppa ryydy mopsi'
Floating,https://www.bat.org/help/spell?str=floating,'rise Rise RISE'
Floating disc,https://www.bat.org/help/spell?str=floating_disc,'rex car bus xzar'
Floating letters,https://www.bat.org/help/spell?str=floating_letters,'lentavia lauseita'
Forbidden wards,https://www.bat.org/help/spell?str=forbidden_wards,'hena xai anissai'
Force absorption,https://www.bat.org/help/spell?str=force_absorption,'ztonez des deckers'
Force dome,https://www.bat.org/help/spell?str=force_dome,'xulu tango charlie'
Force shield,https://www.bat.org/help/spell?str=force_shield,'thoiiiiiisss huuuiahashn'
Forget,https://www.bat.org/help/spell?str=forget,"'sulta taiat pois, mulle hyva mieli taikadaikaduu'"
Forked lightning,https://www.bat.org/help/spell?str=forked_lightning,'zot mar nak semen'
Foul drought,https://www.bat.org/help/spell?str=foul_drought,'ner'
Frost insulation,https://www.bat.org/help/spell?str=frost_insulation,'skaki barictos yetz fiil'
Frost shield,https://www.bat.org/help/spell?str=frost_shield,'nbarrimon zfettix roi'
Fury of nature,https://www.bat.org/help/spell?str=fury_of_nature,'Grrrnaakk Azt-Glassyallobolas'
Gangrenous coils,https://www.bat.org/help/spell?str=gangrenous_coils,'thanatia zuna levetalis'
Gem fire,https://www.bat.org/help/spell?str=gem_fire,'& ^'
Ghost armour,https://www.bat.org/help/spell?str=ghost_armour,'protect me'
Ghost chill,https://www.bat.org/help/spell?str=ghost_chill,'itsy bitsy chill'
Ghost companion,https://www.bat.org/help/spell?str=ghost_companion,"'I choose you, umm, whoever...'"
Ghost guidance,https://www.bat.org/help/spell?str=ghost_guidance,'Battlestations!'
Ghost light,https://www.bat.org/help/spell?str=ghost_light,'jack-o-lantern'
Ghost link,https://www.bat.org/help/spell?str=ghost_link,'gimme gimme gimme'
Ghost sword,https://www.bat.org/help/spell?str=ghost_sword,'kakkosnelonen'
Ghost vision,https://www.bat.org/help/spell?str=ghost_vision,'kerubi on pomoni'
Giant strength,https://www.bat.org/help/spell?str=giant_strength,'rtsstr mof'
Glance of predator,https://www.bat.org/help/spell?str=glance_of_predator,'tooassim nenovehanroh uukkuk'
Glorification of sin,https://www.bat.org/help/spell?str=glorification_of_sin,'gloria malum mundi'
Glory of destruction,https://www.bat.org/help/spell?str=glory_of_destruction,"'Grant me the power, the fire from within'"
Glow,https://www.bat.org/help/spell?str=glow,'grrreee gelowwa'
Gluttony,https://www.bat.org/help/spell?str=gluttony,"'tastes and delights of nether star, served by thy host Draen-Dalar'"
Go,https://www.bat.org/help/spell?str=go,'flzeeeziiiiying nyyyaaa'
Golden arrow,https://www.bat.org/help/spell?str=golden_arrow,'gtzt mar nak grttzt'
Golem heal,https://www.bat.org/help/spell?str=golem_heal,'shalambala shoashu'
Good berry,https://www.bat.org/help/spell?str=good_berry,'sezdaron montir'
Goto ship,https://www.bat.org/help/spell?str=goto_ship,'etheria aquariq nihilz'
Granitize,https://www.bat.org/help/spell?str=granitize,'noccon duumof'
Greater create herb,https://www.bat.org/help/spell?str=greater_create_herb,'creo herbula'
Greater darkness,https://www.bat.org/help/spell?str=greater_darkness,'vas na ful'
Greater light,https://www.bat.org/help/spell?str=greater_light,'vas ful'
Greater magic mount,https://www.bat.org/help/spell?str=greater_magic_mount,'grandis magicus draco'
Grounding point,https://www.bat.org/help/spell?str=grounding_point,'incantar amperea aggriva'
Guardian,https://www.bat.org/help/spell?str=guardian,' -¤- Zanctus -¤- '
Guardian angel,https://www.bat.org/help/spell?str=guardian_angel,'Judicandee iocus merciaa Tarmalen'
Gust of wind,https://www.bat.org/help/spell?str=gust_of_wind,'@% ()@'
Hailstorm,https://www.bat.org/help/spell?str=hailstorm,'cah mar nak grttzt gnatlnamauch'
Half harm,https://www.bat.org/help/spell?str=half_harm,'ruotsalainen ensiapu'
Hallucination,https://www.bat.org/help/spell?str=hallucination,'huumeet miehen tiella pitaa'
Hangover cure,https://www.bat.org/help/spell?str=hangover_cure,'cuppajo'
Harm,https://www.bat.org/help/spell?str=harm,'puujalka jumalauta'
Harm body,https://www.bat.org/help/spell?str=harm_body,'PAF PAF PAF!'
Harvest vitae,https://www.bat.org/help/spell?str=harvest_vitae,'ner'
Haste,https://www.bat.org/help/spell?str=haste,'(sakenoivasta voimasta)'
Heal all,https://www.bat.org/help/spell?str=heal_all,"'koko mudi kuntoon, hep'"
Heal mount,https://www.bat.org/help/spell?str=heal_mount,"'easy there, whoa, steady'"
Heal self,https://www.bat.org/help/spell?str=heal_self,'judicandus littleee'
Healbound harmony,https://www.bat.org/help/spell?str=healbound_harmony,'Unitus vitae nexus communium!'
Heat reduction,https://www.bat.org/help/spell?str=heat_reduction,'hot hot not zeis daimons'
Heavenly protection,https://www.bat.org/help/spell?str=heavenly_protection,'sanctus . o O'
Heavy weight,https://www.bat.org/help/spell?str=heavy_weight,'tonnikalaa'
Hemorrhage,https://www.bat.org/help/spell?str=hemorrhage,'yugzhrr'
Herbal healing,https://www.bat.org/help/spell?str=herbal_healing,'holitorius curatio'
Herbal poison blast,https://www.bat.org/help/spell?str=herbal_poison_blast,'holitorius veneficium sagitta'
Herbal poison spray,https://www.bat.org/help/spell?str=herbal_poison_spray,'holitorius veneficium aspergo'
Herbal remove poison,https://www.bat.org/help/spell?str=herbal_remove_poison,'holitorius veneficium curatio'
Here and after,https://www.bat.org/help/spell?str=here_and_after,'thanatia ariobal lusengo'
Hoar frost,https://www.bat.org/help/spell?str=hoar_frost,'& ^'
Holding pattern,https://www.bat.org/help/spell?str=holding_pattern,'niotalucaje erutamerp!'
Holy armada,https://www.bat.org/help/spell?str=holy_armada,'rolaqua refintis'
Holy bolt,https://www.bat.org/help/spell?str=holy_bolt,'Sanctum circum'
Holy glow,https://www.bat.org/help/spell?str=holy_glow,'the light within'
Holy hand,https://www.bat.org/help/spell?str=holy_hand,'Sanctus inxze'
Holy lance,https://www.bat.org/help/spell?str=holy_lance,'Sancte Di'
Holy way,https://www.bat.org/help/spell?str=holy_way,'Avee Alee adudaaa..'
Holy wind,https://www.bat.org/help/spell?str=holy_wind,'Rev '
Hunger of the spider,https://www.bat.org/help/spell?str=hunger_of_the_spider,'(Khizanth Arachnidus Vitalis)'
Icebolt,https://www.bat.org/help/spell?str=icebolt,'cah mar nak semen'
Identify,https://www.bat.org/help/spell?str=identify,'mega visa huijari'
Identify relic,https://www.bat.org/help/spell?str=identify_relic,'srR'
Immolate,https://www.bat.org/help/spell?str=immolate,'fah relep krlnpth'
Immolate scythe,https://www.bat.org/help/spell?str=immolate_scythe,"'Let this strike true, to burn from within'"
Imprisonment,https://www.bat.org/help/spell?str=imprisonment,'imprickening zang gah'
Infravision,https://www.bat.org/help/spell?str=infravision,'demoni on pomoni'
Inquiry to ahm,https://www.bat.org/help/spell?str=inquiry_to_ahm,'!?'
Instant fermentation,https://www.bat.org/help/spell?str=instant_fermentation,'b'
Intelligize,https://www.bat.org/help/spell?str=intelligize,'nitin duumof'
Invisibility,https://www.bat.org/help/spell?str=invisibility,'..... .... ... ..  .    .!'
Iron will,https://www.bat.org/help/spell?str=iron_will,'nostaaaanndiz noszum'
Item dispersion shield,https://www.bat.org/help/spell?str=item_dispersion_shield,'h'
Jesters trivia,https://www.bat.org/help/spell?str=jesters_trivia,"'Green skins, white skins, black skins, purple skins. Big minds, small minds, dumb minds, silly minds. Can you see through yourself, I care not, for I can. I can see what you wear and what you bear, disguised or not, you'"
Join soul,https://www.bat.org/help/spell?str=join_soul,"'join, meld, communion'"
Killing cloud,https://www.bat.org/help/spell?str=killing_cloud,'krkx mar nak grttzt gnatlnamauch'
Kinematic projection,https://www.bat.org/help/spell?str=kinematic_projection,'Fly my pretty!'
Kinemortological protection,https://www.bat.org/help/spell?str=kinemortological_protection,'kinemortologicus munimentum'
Kings feast,https://www.bat.org/help/spell?str=kings_feast,"'If you look behind a spider web, when it is covered with frost, You may see a tiny pixie, who perhaps is a little bit lost. That tiny pixie is full of spirit representing goodness and light, The embodiment of joy and laughter, of passion and sheer delight. In a world of pure imagination, and a mind full of magical dreams, An enchanted forest can exist, and so can a pixie it seems.'"
Last rites,https://www.bat.org/help/spell?str=last_rites,"'Ab sinestris, mortum demitteri'"
Lava blast,https://www.bat.org/help/spell?str=lava_blast,'fah mar nak grttzt'
Lava storm,https://www.bat.org/help/spell?str=lava_storm,'fah mar nak grttzt gnatlnamauch'
Laying on hands,https://www.bat.org/help/spell?str=laying_on_hands,'Renew our strength'
Legacy of enthralled,https://www.bat.org/help/spell?str=legacy_of_enthralled,'ner'
Lessen poison,https://www.bat.org/help/spell?str=lessen_poison,'Impuqueto es Bien'
Levin bolt,https://www.bat.org/help/spell?str=levin_bolt,'gtzt zur semen'
Levitation,https://www.bat.org/help/spell?str=levitation,'etati elem ekam'
Life leech,https://www.bat.org/help/spell?str=life_leech,'gimme urhits'
Life link,https://www.bat.org/help/spell?str=life_link,'Corporem Connecticut Corporee'
Lift of load,https://www.bat.org/help/spell?str=lift_of_load,'Myh myh!'
Light,https://www.bat.org/help/spell?str=light,'ful'
Lightning bolt,https://www.bat.org/help/spell?str=lightning_bolt,'zot zur sanc'
Lightning shield,https://www.bat.org/help/spell?str=lightning_shield,'ohm'
Lightning storm,https://www.bat.org/help/spell?str=lightning_storm,'zot mar nak grttzt gnatlnamauch'
Living poison,https://www.bat.org/help/spell?str=living_poison,'inficio vivus'
Lock biter,https://www.bat.org/help/spell?str=lock_biter,'fzz zur tumblzegar'
Lunacy shield,https://www.bat.org/help/spell?str=lunacy_shield,'servo nos ex cambia'
Lunar inspiration,https://www.bat.org/help/spell?str=lunar_inspiration,'whaat timaaa of daaa maaanth'
Magic dispersion,https://www.bat.org/help/spell?str=magic_dispersion,'meke tul magic'
Magic eruption,https://www.bat.org/help/spell?str=magic_eruption,'gtzt mar nak grttzt gnatlnamauch'
Magic missile,https://www.bat.org/help/spell?str=magic_missile,'gtzt zur fehh'
Magic mount,https://www.bat.org/help/spell?str=magic_mount,'magicus equus'
Magic wave,https://www.bat.org/help/spell?str=magic_wave,'gtzt zur semen gnatlnamauch'
Magica pandemonica,https://www.bat.org/help/spell?str=magica_pandemonica,'symur nahder relegus'
Magnetic levitation,https://www.bat.org/help/spell?str=magnetic_levitation,'zot sur gaussimen'
Major heal,https://www.bat.org/help/spell?str=major_heal,'judicandus pafzarmus'
Major party heal,https://www.bat.org/help/spell?str=major_party_heal,'judicandus puorgo mangenic'
Make scar,https://www.bat.org/help/spell?str=make_scar,'viiltaja jaska'
Mana barrier,https://www.bat.org/help/spell?str=mana_barrier,'Ouch ouch ow oww!'
Mana beacon,https://www.bat.org/help/spell?str=mana_beacon,'gtzt zur illumina'
Mana drain,https://www.bat.org/help/spell?str=mana_drain,'I HATE MAGIC'
Mana shield,https://www.bat.org/help/spell?str=mana_shield,'nullum driiiks umbah mana'
Mark of death,https://www.bat.org/help/spell?str=mark_of_death,'thanatia sinna'
Mass summon,https://www.bat.org/help/spell?str=mass_summon,'JJAAAWWWG'
Mellon collie,https://www.bat.org/help/spell?str=mellon_collie,'Zmasching Pupkins'
Melodical embracement,https://www.bat.org/help/spell?str=melodical_embracement,'Once there were two knights and maidens They'
Melody of the misadventurer,https://www.bat.org/help/spell?str=melody_of_the_misadventurer,"'Young bard he saw, a misjustice done, he took his instrument and pointed as a gun'"
Mental glance,https://www.bat.org/help/spell?str=mental_glance,'vaxtextraktdryck'
Mental watch,https://www.bat.org/help/spell?str=mental_watch,'kakakaaa  tsooon'
Mesmeric threshold,https://www.bat.org/help/spell?str=mesmeric_threshold,'lkrp ajuvah'
Meteor blast,https://www.bat.org/help/spell?str=meteor_blast,'fah mar nak semen'
Meteor swarm,https://www.bat.org/help/spell?str=meteor_swarm,'fah zur semen gnatlnamauch'
Mind blast,https://www.bat.org/help/spell?str=mind_blast,'omm zur fehh'
Mind development,https://www.bat.org/help/spell?str=mind_development,'Annatheer graaweizta'
Mind disruption,https://www.bat.org/help/spell?str=mind_disruption,'omm mar nak semen'
Mind siphon,https://www.bat.org/help/spell?str=mind_siphon,'ner'
Mind store,https://www.bat.org/help/spell?str=mind_store,'memono locati'
Mindseize,https://www.bat.org/help/spell?str=mindseize,'diir mieelis sxil miarr mieelin'
Minor heal,https://www.bat.org/help/spell?str=minor_heal,'judicandus pzarcumus'
Minor party heal,https://www.bat.org/help/spell?str=minor_party_heal,'judicandus puorgo ignius'
Minor protection,https://www.bat.org/help/spell?str=minor_protection,'parvus munimentum'
Mirror image,https://www.bat.org/help/spell?str=mirror_image,'peilikuvia ja lasinsirpaleita'
Mobile cannon,https://www.bat.org/help/spell?str=mobile_cannon,'buuuummbzdiiiiiibummm'
Money is power,https://www.bat.org/help/spell?str=money_is_power,'$$$$$$$$$$$$$$$$$$$$$$$$'
Monster lore,https://www.bat.org/help/spell?str=monster_lore,'haven'
Moon sense,https://www.bat.org/help/spell?str=moon_sense,'daaa timaaa of daaa maaanth'
Mould ring,https://www.bat.org/help/spell?str=mould_ring,'fingerrrr ovuuulah'
Musicians alm,https://www.bat.org/help/spell?str=musicians_alm,'Donations welcome'
Natural renewal,https://www.bat.org/help/spell?str=natural_renewal,'Naturallis Judicandus Imellys'
Natural transformation,https://www.bat.org/help/spell?str=natural_transformation,'@& ^'
Necrotic bane,https://www.bat.org/help/spell?str=necrotic_bane,'thanatia sadur dalaris'
Neutralize field,https://www.bat.org/help/spell?str=neutralize_field,"'null, nill, noll, nutin'"
New body,https://www.bat.org/help/spell?str=new_body,'corpus novus foobar'
Nightfall,https://www.bat.org/help/spell?str=nightfall,'Rez vas na ful'
Noble animal spirit,https://www.bat.org/help/spell?str=noble_animal_spirit,"'be whole, gentle spirit'"
Noble mount,https://www.bat.org/help/spell?str=noble_mount,"'serve me well, faithful steed'"
Nocturnal charm,https://www.bat.org/help/spell?str=nocturnal_charm,'teniara lais alluvana'
Noituloves deathlore,https://www.bat.org/help/spell?str=noituloves_deathlore,'Thar! Rauko! Mor! Ris-Rim! Fuin-Heru! GOR! Gurthgwath!n'
Noituloves dischord,https://www.bat.org/help/spell?str=noituloves_dischord,'dIsCHoRD'
Nourish enthralled,https://www.bat.org/help/spell?str=nourish_enthralled,'ner'
Noxious fumes,https://www.bat.org/help/spell?str=noxious_fumes,'krkx murk arrsunt'
Paralyze,https://www.bat.org/help/spell?str=paralyze,'vorek ky taree'
Paranoia,https://www.bat.org/help/spell?str=paranoia,'noxim delusa'
Parasitic swarm,https://www.bat.org/help/spell?str=parasitic_swarm,'ner'
Patch item,https://www.bat.org/help/spell?str=patch_item,'jimmiii fixiiii'
Pathfinder,https://www.bat.org/help/spell?str=pathfinder,"'Fo fu fe fum, Lord of the Winds, I know Thy ways, I know Thy names, I know Thy rest. Fo fu fe fum, show me paths or slay me now. Fo fe fi fum.'"
Personal force field,https://www.bat.org/help/spell?str=personal_force_field,'riljya'
Pestilence,https://www.bat.org/help/spell?str=pestilence,"'Harken to me and hear my plea, disease is what I call to thee'"
Phantasmal reflection,https://www.bat.org/help/spell?str=phantasmal_reflection,'maergal ania phalantia'
Phaze shift,https://www.bat.org/help/spell?str=phaze_shift,'xafe uurthq'
Planar gate,https://www.bat.org/help/spell?str=planar_gate,'pqwioeu aslkdjfh zxmcb'
Poison,https://www.bat.org/help/spell?str=poison,'(saugaiii)'
Poison blast,https://www.bat.org/help/spell?str=poison_blast,'krkx zur sanc'
Poison cloud,https://www.bat.org/help/spell?str=poison_cloud,'(ddt ddt ddt is good for you and me!)'
Poison scan,https://www.bat.org/help/spell?str=poison_scan,'krkx zur interroga'
Poison spray,https://www.bat.org/help/spell?str=poison_spray,'krkx zur semen gnatlnamauch'
Power blast,https://www.bat.org/help/spell?str=power_blast,'krkx mar nak semen'
Prayer to the spider queen,https://www.bat.org/help/spell?str=prayer_to_the_spider_queen,'(Khizanth Arachnidus Satisfusmus)'
Prepare flask,https://www.bat.org/help/spell?str=prepare_flask,'phylli phylli'
Preserve corpse,https://www.bat.org/help/spell?str=preserve_corpse,'upo huurre helkama'
Prismatic burst,https://www.bat.org/help/spell?str=prismatic_burst,'azkura colere'
Protect armour,https://www.bat.org/help/spell?str=protect_armour,'blueeeeeeeeeee****saka??am!a'
Protect item,https://www.bat.org/help/spell?str=protect_item,'blueeeeeeeeeee****saka??am!a'
Protect mount,https://www.bat.org/help/spell?str=protect_mount,'it'
Protect weapon,https://www.bat.org/help/spell?str=protect_weapon,'blueeeeeeeeeee****saka??am!a'
Protection from evil,https://www.bat.org/help/spell?str=protection_from_evil,'sanctus Exzordus'
Protection from good,https://www.bat.org/help/spell?str=protection_from_good,'Good is dumb'
Psi blast,https://www.bat.org/help/spell?str=psi_blast,'omm zur semen'
Psibolt,https://www.bat.org/help/spell?str=psibolt,'omm zur sanc'
Psionic phalanx,https://www.bat.org/help/spell?str=psionic_phalanx,"'all for one, gather around me'"
Psionic shield,https://www.bat.org/help/spell?str=psionic_shield,'niihek atierapip aj niiramaan aaffaj'
Psychic crush,https://www.bat.org/help/spell?str=psychic_crush,'tora tora tora'
Psychic purge,https://www.bat.org/help/spell?str=psychic_purge,'aamad ato naav aanarub atyak ala'
Psychic sanctuary,https://www.bat.org/help/spell?str=psychic_sanctuary,'toughen da mind reeez un biis'
Psychic shackles,https://www.bat.org/help/spell?str=psychic_shackles,'poskid ujsi'
Psychic shout,https://www.bat.org/help/spell?str=psychic_shout,'omm zur semen gnatlnamauch'
Psychic storm,https://www.bat.org/help/spell?str=psychic_storm,'omm mar nak grttzt gnatlnamauch'
Putrid blood,https://www.bat.org/help/spell?str=putrid_blood,'ner'
Quicksilver,https://www.bat.org/help/spell?str=quicksilver,'jumpiiz laika wabbitzz'
Racial protection,https://www.bat.org/help/spell?str=racial_protection,'genus munimentum'
Rain,https://www.bat.org/help/spell?str=rain,'huku mopo huku'
Raise dead,https://www.bat.org/help/spell?str=raise_dead,'vokinsalak elfirtluassa'
Rapture of the deep,https://www.bat.org/help/spell?str=rapture_of_the_deep,"'Salvage from the ice cold tomb, reveal the passage yonder womb. Float, not sink to darkness deep, for tomorrow we'"
Reanimation,https://www.bat.org/help/spell?str=reanimation,'Blaarh ARGHAGHAHAHA URAAAH BELARGH!'
Reap potentia,https://www.bat.org/help/spell?str=reap_potentia,'ner'
Reaping of bile,https://www.bat.org/help/spell?str=reaping_of_bile,"'Grant this the caustic touch, to cleanse the world'"
Recall animal soul,https://www.bat.org/help/spell?str=recall_animal_soul,'How to measure a planet?'
Regenerate rift entity,https://www.bat.org/help/spell?str=regenerate_rift_entity,'gebreadian ambihtere'
Regeneration,https://www.bat.org/help/spell?str=regeneration,'nilaehz temnahecne'
Reincarnation,https://www.bat.org/help/spell?str=reincarnation,'henget uusix'
Relocate,https://www.bat.org/help/spell?str=relocate,'hypin pompin luokses juoksen'
Remote banking,https://www.bat.org/help/spell?str=remote_banking,'bat-o-mat'
Remove curse,https://www.bat.org/help/spell?str=remove_curse,'FDSSSfssspleeeh... feh'
Remove poison,https://www.bat.org/help/spell?str=remove_poison,'judicandus saugaiii'
Remove scar,https://www.bat.org/help/spell?str=remove_scar,'lkzaz zueei enz orn'
Replenish ally,https://www.bat.org/help/spell?str=replenish_ally,'enfuego delyo'
Replenish energy,https://www.bat.org/help/spell?str=replenish_energy,'!* %'
Replenish party,https://www.bat.org/help/spell?str=replenish_party,'enfuegamos delyo'
Repulsor aura,https://www.bat.org/help/spell?str=repulsor_aura,'shamarubu incixtes delfo'
Resist curse,https://www.bat.org/help/spell?str=resist_curse,'uniara bufo'
Resist disintegrate,https://www.bat.org/help/spell?str=resist_disintegrate,'bii thee dzname uv tii blaaaz drazon'
Resist dispel,https://www.bat.org/help/spell?str=resist_dispel,'zicks laai qluu'
Resist entropy,https://www.bat.org/help/spell?str=resist_entropy,'Ourglazz Schmourglazz'
Resist temptation,https://www.bat.org/help/spell?str=resist_temptation,'qxx'
Restful sleep,https://www.bat.org/help/spell?str=restful_sleep,'aa tuuti lullaa'
Restore,https://www.bat.org/help/spell?str=restore,'Siwa on selvaa saastoa.'
Resurrect,https://www.bat.org/help/spell?str=resurrect,'tuo fo wen stanhc'
Resurrect soul,https://www.bat.org/help/spell?str=resurrect_soul,"'come, come, come'"
Retool armament,https://www.bat.org/help/spell?str=retool_armament,'bring your might to bear'
Rift pulse,https://www.bat.org/help/spell?str=rift_pulse,'idel claeppetung'
Rift scramble,https://www.bat.org/help/spell?str=rift_scramble,'swicung asucan'
Rune of warding,https://www.bat.org/help/spell?str=rune_of_warding,'trpp dda prtolala offf pwerrrr'
Runic heal,https://www.bat.org/help/spell?str=runic_heal,'!* *'
Saintly touch,https://www.bat.org/help/spell?str=saintly_touch,'Exzorde'
Sands of time,https://www.bat.org/help/spell?str=sands_of_time,'sayora maradan edio cor tempora'
Satiate person,https://www.bat.org/help/spell?str=satiate_person,'Creo Herbamus Satisfus'
Searing fervor,https://www.bat.org/help/spell?str=searing_fervor,'fah mar nak prztrzz'
See invisible,https://www.bat.org/help/spell?str=see_invisible,'$%&@ #*%@*@# $&*@#'
See magic,https://www.bat.org/help/spell?str=see_magic,'ahne paskianen olen ma kun taikuutta nahda tahdon'
See the light,https://www.bat.org/help/spell?str=see_the_light,'ogyawaelbirroh'
Separate soul,https://www.bat.org/help/spell?str=separate_soul,"'slash, cut, severance'"
Sex change,https://www.bat.org/help/spell?str=sex_change,'likz az zurgeeon'
Shadow armour,https://www.bat.org/help/spell?str=shadow_armour,'klainmox'
Shadow leap,https://www.bat.org/help/spell?str=shadow_leap,'(Haii!)'
Shapechange,https://www.bat.org/help/spell?str=shapechange,'!('
Shattered feast,https://www.bat.org/help/spell?str=shattered_feast,"'That I have set free, return to me'"
Shelter,https://www.bat.org/help/spell?str=shelter,'withing thang walz'
Shield of detoxification,https://www.bat.org/help/spell?str=shield_of_detoxification,'nyiaha llaimay exchekes ployp'
Shield of faith,https://www.bat.org/help/spell?str=shield_of_faith,'Grant your worshipper your protection'
Shield of protection,https://www.bat.org/help/spell?str=shield_of_protection,'nsiiznau'
Shield of transcendence,https://www.bat.org/help/spell?str=shield_of_transcendence,'Esrpriestitst hjajjossa'
Shift blade,https://www.bat.org/help/spell?str=shift_blade,'kallora kassam'
Ship armour,https://www.bat.org/help/spell?str=ship_armour,'aqualin shieferus'
Shocking grasp,https://www.bat.org/help/spell?str=shocking_grasp,'zot zur fehh'
Singing shepherd,https://www.bat.org/help/spell?str=singing_shepherd,"'Squirrel in the dirt, squirrel in the pool, squirrel don'"
Sleeping parasite,https://www.bat.org/help/spell?str=sleeping_parasite,'redoc mirahk rof airgnas erom'
Slingshot vortex,https://www.bat.org/help/spell?str=slingshot_vortex,'aiwuhfiueh'
Sneezing powder,https://www.bat.org/help/spell?str=sneezing_powder,'aaaaaaaaattchhhoooooooooo'
Soothing sounds,https://www.bat.org/help/spell?str=soothing_sounds,'Now that two decades gone by and I know that'
Soul chorus,https://www.bat.org/help/spell?str=soul_chorus,'lano i tanr etni'
Soul guardian,https://www.bat.org/help/spell?str=soul_guardian,'phalantia elitae mortee'
Soul hold,https://www.bat.org/help/spell?str=soul_hold,'naxanhar hecnatemne'
Soul shield,https://www.bat.org/help/spell?str=soul_shield,'sanctus angeliq'
Sounds of silence,https://www.bat.org/help/spell?str=sounds_of_silence,"'Hear this charm, there in the dark, lurking fiends, devouring sharks. Lend me your ears, out in the mist. Where secrets lie, you cannot resist. The paths I traveled, the abyss I found, shall not be seen by any hound. Accept that, when these rhymes will end, only silence is your friend'"
Spark birth,https://www.bat.org/help/spell?str=spark_birth,'cwician ysl'
Speed,https://www.bat.org/help/spell?str=speed,'xeddex duumof'
Spell empathy,https://www.bat.org/help/spell?str=spell_empathy,'doowesh maiket fyoleue?'
Spellteaching,https://www.bat.org/help/spell?str=spellteaching,"'moon fiksu, soot tyhma  - opi tasta taika'"
Spider demon banishment,https://www.bat.org/help/spell?str=spider_demon_banishment,'(infernalicus thanatos arachnidos)'
Spider demon channeling,https://www.bat.org/help/spell?str=spider_demon_channeling,'(infernalicus nexus arachnid rex)'
Spider demon conjuration,https://www.bat.org/help/spell?str=spider_demon_conjuration,'(arachnid infernalicus arachnoidus demonicus)'
Spider demon control,https://www.bat.org/help/spell?str=spider_demon_control,'(infernalicus domus arachnid rex)'
Spider demon inquiry,https://www.bat.org/help/spell?str=spider_demon_inquiry,'(Khirsah Zokant Arachnidus)'
Spider demon mass sacrifice,https://www.bat.org/help/spell?str=spider_demon_mass_sacrifice,'(infernalicus domus arachnid rex magnos)'
Spider eye,https://www.bat.org/help/spell?str=spider_eye,'(infernalicus intellegus arachnidos)'
Spider gate,https://www.bat.org/help/spell?str=spider_gate,'(Khirsah Khazanth Arachinidus)'
Spider gaze,https://www.bat.org/help/spell?str=spider_gaze,'(infernalicus claravonticus arachnidos)'
Spider servant,https://www.bat.org/help/spell?str=spider_servant,'(infernalicus conjuratis arachnidos)'
Spider touch,https://www.bat.org/help/spell?str=spider_touch,'(Khizanth Arachnidus Diametricus)'
Spider walk,https://www.bat.org/help/spell?str=spider_walk,'Khizanth Arachnidus Walkitus'
Spider wrath,https://www.bat.org/help/spell?str=spider_wrath,'(Khizanth Arachnidus Iracundus)'
Spirit drain,https://www.bat.org/help/spell?str=spirit_drain,'I'
Spontaneous combustion,https://www.bat.org/help/spell?str=spontaneous_combustion,'incantar combustis aggriva'
Star light,https://www.bat.org/help/spell?str=star_light,'!( !!'
Steed of tzarakk,https://www.bat.org/help/spell?str=steed_of_tzarakk,'sanatagras teceah'
Stoneskin,https://www.bat.org/help/spell?str=stoneskin,'aflitruz'
Strangulation,https://www.bat.org/help/spell?str=strangulation,'ghht mar nak semen'
Strength in unity,https://www.bat.org/help/spell?str=strength_in_unity,'You say you don'
Strengthen,https://www.bat.org/help/spell?str=strengthen,'rtsstr dummof'
Suffocation,https://www.bat.org/help/spell?str=suffocation,'ghht zur sanc'
Summon,https://www.bat.org/help/spell?str=summon,'gwwaaajj'
Summon beasts,https://www.bat.org/help/spell?str=summon_beasts,'Nogg Saalah Hzzarrkk'
Summon carnal spores,https://www.bat.org/help/spell?str=summon_carnal_spores,'krkx mar nak grttzt'
Summon dire boar,https://www.bat.org/help/spell?str=summon_dire_boar,'Rzzakkaa Khaar Gaggnath'
Summon greater spores,https://www.bat.org/help/spell?str=summon_greater_spores,'gtzt mar nak semen'
Summon homonculus,https://www.bat.org/help/spell?str=summon_homonculus,'imppy floooogah'
Summon lesser spores,https://www.bat.org/help/spell?str=summon_lesser_spores,'gtzt zur sanc'
Summon mount,https://www.bat.org/help/spell?str=summon_mount,"'come to me, faithful steed!'"
Summon rift entity,https://www.bat.org/help/spell?str=summon_rift_entity,'cuman agotenes ond cweman'
Summon slaads,https://www.bat.org/help/spell?str=summon_slaads,'bufo mortui maledicum'
Summon squire,https://www.bat.org/help/spell?str=summon_squire,'I need someone to watch this for me'
Summon storm,https://www.bat.org/help/spell?str=summon_storm,'** /|/'
Suppress magic,https://www.bat.org/help/spell?str=suppress_magic,'voi hellapoliisin kevatnuija'
Suppressing misery,https://www.bat.org/help/spell?str=suppressing_misery,'ner'
Sweet lullaby,https://www.bat.org/help/spell?str=sweet_lullaby,"'There is nothing you can do, when you realize with fright, that the Spider Queen is having you for dinner tonight... it'"
Teeming waters,https://www.bat.org/help/spell?str=teeming_waters,'alak seicsip'
Telekinetic whirlwind,https://www.bat.org/help/spell?str=telekinetic_whirlwind,'gant sit niie'
Teleport with error,https://www.bat.org/help/spell?str=teleport_with_error,'xafe xyyqh xckgandhuzqarr'
Teleport without error,https://www.bat.org/help/spell?str=teleport_without_error,'xafe ayz xckgandhuzqarr'
Terror,https://www.bat.org/help/spell?str=terror,'BBBBOOOOOO!!!!'
There not there,https://www.bat.org/help/spell?str=there_not_there,'jakki makupala'
Thorn spray,https://www.bat.org/help/spell?str=thorn_spray,'krkx zur fehh'
Tiger claw,https://www.bat.org/help/spell?str=tiger_claw,'(Haii!)'
Tiger mask,https://www.bat.org/help/spell?str=tiger_mask,'(Tiger Power!)'
Touch of glacial winds,https://www.bat.org/help/spell?str=touch_of_glacial_winds,'Hrrrrrrrrhhrrr rrrhhhHHrrrr rrr'
Touch of madness,https://www.bat.org/help/spell?str=touch_of_madness,'tossikid jullitta'
Toxic dilution,https://www.bat.org/help/spell?str=toxic_dilution,'morri nam pantoloosa'
Transfer mana,https://www.bat.org/help/spell?str=transfer_mana,"'"") !#'"
Transfor golem,https://www.bat.org/help/spell?str=transfor_golem,'(insignificus et gargantum alternos)'
Transform golem,https://www.bat.org/help/spell?str=transform_golem,'insignificus et gargantum alternos'
Transform rift entity,https://www.bat.org/help/spell?str=transform_rift_entity,'forscieppan ambihtmecg'
Transmute self,https://www.bat.org/help/spell?str=transmute_self,'nihenuak assaam no nek orrek'
Travel,https://www.bat.org/help/spell?str=travel,'okta atsavi osnile hup'
True harm,https://www.bat.org/help/spell?str=true_harm,'nyt muuten napsuu'
True heal,https://www.bat.org/help/spell?str=true_heal,'judicandus zapracus'
True party heal,https://www.bat.org/help/spell?str=true_party_heal,'judicandus eurto mangenic'
Uncontrollable hideous laughter,https://www.bat.org/help/spell?str=uncontrollable_hideous_laughter,'nyuk nyuk nyuk'
Uncontrollable mosh,https://www.bat.org/help/spell?str=uncontrollable_mosh,"'III want to ROAR, III want to SLAM, III want to bash your ass! Hit the WALLS! Hit the WALLS! Go, go go I'"
Unholy matrimony,https://www.bat.org/help/spell?str=unholy_matrimony,'I beseech thy wisdom my lord'
Unleash bogs,https://www.bat.org/help/spell?str=unleash_bogs,'ranae paludibus'
Unpain,https://www.bat.org/help/spell?str=unpain,'harnaxan temnahecne'
Unstable mutation,https://www.bat.org/help/spell?str=unstable_mutation,'ragus on etsat mumixam!'
Unstun,https://www.bat.org/help/spell?str=unstun,'Paxus'
Vacuum ball,https://www.bat.org/help/spell?str=vacuum_ball,'ghht zur semen gnatlnamauch'
Vacuum globe,https://www.bat.org/help/spell?str=vacuum_globe,'ghht mar nak grttzt gnatlnamauch'
Vacuumbolt,https://www.bat.org/help/spell?str=vacuumbolt,'ghht zur fehh'
Vampiric charm,https://www.bat.org/help/spell?str=vampiric_charm,'Kavereita kaikki tynni'
Venom blade,https://www.bat.org/help/spell?str=venom_blade,'(May this become the blood of the Spider queen)'
Venom strike,https://www.bat.org/help/spell?str=venom_strike,'krkx zur semen'
Venturers way,https://www.bat.org/help/spell?str=venturers_way,"'..a few steps to earthen might, a few steps just go ahead me, but do I walk the right direction, is it here or there? Just a few steps, left or right. Spirits are what show the sight.'"
Vigilant melody,https://www.bat.org/help/spell?str=vigilant_melody,"'Lost I am not but knowledge I seek for there, my friend, lies a true path for wisdom. With a clouded mind one can not think, but small fog may enhance a presence.'"
Vine mantle,https://www.bat.org/help/spell?str=vine_mantle,"'"""" !#'"
War ensemble,https://www.bat.org/help/spell?str=war_ensemble,"'War is TOTAL massacre, sport the war, war SUPPOORT!!!'"
Water walking,https://www.bat.org/help/spell?str=water_walking,'Jeeeeeeeeeeeesuuuuuuuus'
Wilderness location,https://www.bat.org/help/spell?str=wilderness_location,"'spirits of nature, show me the way!'"
Wither,https://www.bat.org/help/spell?str=wither,'xeddex uurthg'
Wither flesh,https://www.bat.org/help/spell?str=wither_flesh,"'""# ^'"
Wizard eye,https://www.bat.org/help/spell?str=wizard_eye,'mad rad dar'
Word of apocalypse,https://www.bat.org/help/spell?str=word_of_apocalypse,'dymofo'
Word of attrition,https://www.bat.org/help/spell?str=word_of_attrition,'khozak'
Word of blasting,https://www.bat.org/help/spell?str=word_of_blasting,'hraugh'
Word of destruction,https://www.bat.org/help/spell?str=word_of_destruction,'Sherpha!'
Word of genocide,https://www.bat.org/help/spell?str=word_of_genocide,'dephtua'
Word of oblivion,https://www.bat.org/help/spell?str=word_of_oblivion,'FRONOX!!'
Word of recall,https://www.bat.org/help/spell?str=word_of_recall,'vole love velo levo'
Word of slaughter,https://www.bat.org/help/spell?str=word_of_slaughter,'niinr'
Word of spite,https://www.bat.org/help/spell?str=word_of_spite,'torrfra'
Wrath beyond grave,https://www.bat.org/help/spell?str=wrath_beyond_grave,'tic tac rise brethren'
Wrath of las,https://www.bat.org/help/spell?str=wrath_of_las,' ¤Lassum¤ '
Youth,https://www.bat.org/help/spell?str=youth,"'Akronym Htouy, Hokrune Arafax'"
Zealotry,https://www.bat.org/help/spell?str=zealotry,'tandala'
Zoological protection,https://www.bat.org/help/spell?str=zoological_protection,'zoologicus munimentum'
